{"MobileNetV2 + recto-triangular": {"accuracy": 0.816875, "precision": 0.8275610963422899, "recall": 0.816875, "f1": 0.8086758895121855}, "MobileNetV2 + rectangular": {"accuracy": 0.823125, "precision": 0.8270467739435987, "recall": 0.823125, "f1": 0.8146995876487475}, "MobileNetV2 + triangular": {"accuracy": 0.849375, "precision": 0.8586663501889895, "recall": 0.849375, "f1": 0.8437057183000569}}